Names,Description
Data Quality Metrics You Should Track and Measure,Data utilization
Brand New Lessons on Everything Data Gathering,News
Why You Shouldn't Use Free Proxies - Risks & Reasons,Proxies
Reducing the Cost of Data Collection,Data acquisition
Oxylabs Cooperates with CODE,News
Real-Time Online Media Monitoring Infrastructure,Data acquisition
Building a Competitor Intelligence System for E-Commerce,Data utilization
Web Scraping on a Large-Scale for E-Commerce (Ultimate Guide),Data acquisition
OxyCon 2022: Leading-Edge Conference in All Things Web Scraping,OxyCon
Oxylabs Proxy Integration With Lalicat Browser,Integrations
How to Make Web Scraping Faster â€“ Python Tutorial,Tutorials
Guide to Solving Proxy Status Errors,Proxies
How to Make HTTP Requests in Node.js With Fetch API,Tutorials
Oxylabs Forms a Pro-bono Partnership With the University of Michigan,News
Using Apache Airflow to Build a Pipeline for Scraped Data,Tutorials
Hard Data vs. Soft Data: The Difference,Data utilization
Proxies for Web Scraping: a Complete Guide | OxyCast #5,News
Shared Datacenter Proxies Quick Start Guide,Tutorials
New Cost-Effective Proxy Solution: Introducing Shared Datacenter Proxies,Proxies
